{"data":{"AdsStyleEnable":"btrue","AdsStyleMode_Baidu":"s2","AdsStyleMode_Google":"s2","Config":"s{\"isRedirectEnable\":false,\"isAdsEnable\":false,\"isAutopage\":true,\"isBlockEnable\":false,\"isBlockDisplay\":false,\"isBlockBtnDisplay\":true,\"AdsStyleEnable\":true,\"AdsStyleMode_Baidu\":2,\"AdsStyleMode_Google\":2,\"AdsStyleMode_Bing\":3,\"AdsStyleMode_SoGou\":3,\"HuYan_Baidu\":false,\"HuYan_Google\":false,\"HuYan_Bing\":false,\"HuYan_SoGou\":false,\"Style_BaiduLite\":false,\"defaultHuYanColor\":\"#DEF1EF\",\"isUserColorEnable\":true,\"isFaviconEnable\":true,\"defaultFaviconUrl\":\"https://ae01.alicdn.com/kf/HTB1dRY0X8OD3KVjSZFFq6An9pXay.jpg\",\"doDisableSug\":true,\"isRightDisplayEnable\":false,\"isCounterEnable\":false,\"isALineEnable\":false,\"isUserStyleEnable\":false,\"isEnLang\":false,\"isGooleInBaiduModeEnable\":false,\"UserBlockList\":[],\"UserStyleText\":\"/**计数器的颜色样式*/\\ndiv .AC-CounterT{\\n    background: #FD9999;\\n}\\n/**右侧栏的样式-其实不开启更好看一些*/\\n#content_right{\\n    padding: 20px 15px 15px;\\n    border-radius: 5px;\\n    background-color: #fff;\\n    box-sizing: border-box;\\n    box-shadow: 0 0 20px 2px rgba(0, 0, 0, .1);\\n    -webkit-box-shadow: 0 0 20px 2px rgba(0, 0, 0, .1);\\n    -moz-box-shadow: 0 0 20px 2px rgba(0, 0, 0, .1);\\n}\\n/****可以加一些自己的背景图片,替换引号内的内容为可外链的图片即可****/\\nbody{\\n    background-repeat: repeat-y;\\n    background-size: 100%;\\n    background-attachment:fixed;\\n    background-image: url('https://timgsa.baidu.com/timg?image&quality=80&size=b9999_10000&sec=1564756277250&di=868b9eac9be14df1dedd8c7d6a710844&imgtype=0&src=http%3A%2F%2Fphotocdn.sohu.com%2F20130530%2FImg377502333.jpg');\\n}\\n/*****窗口背景的透明虚化效果*****/\\nbody>#wrapper,body>.wrap,body>#main,body #appbar,body #hdtbSum{\\n    background: rgba(225,225,225,0.8);\\n}\\n/**隐藏首页的大图标-修复可能导致外援样式异常**/\\nbody[baidu] #s_lg_img_new{\\n    display:none !important;\\n}\\n#wrapper #content_left .result, #wrapper #content_left .c-container{\\n    border-radius: 5px;\\n}\",\"oldVersion\":\"23.32\",\"lastSaveTime\":1588044459349}","UserStyleText":"s#content_right{\n    padding: 20px 15px 15px;\n    border-radius: 5px;\n    background-color: #fff;\n    box-sizing: border-box;\n    box-shadow: 0 0 20px 2px rgba(0, 0, 0, .1);\n    -webkit-box-shadow: 0 0 20px 2px rgba(0, 0, 0, .1);\n    -moz-box-shadow: 0 0 20px 2px rgba(0, 0, 0, .1);\n}","defaultFaviconUrl":"shttps://ws1.sinaimg.cn/large/6a155794ly1foijtdzhxhj200w00wjr5.jpg","doDisableSug":"btrue","isALineEnable":"bfalse","isAdsEnable":"btrue","isCounterEnable":"bfalse","isFaviconEnable":"btrue","isRedirectEnable":"btrue","isRightDisplayEnable":"bfalse","isUserStyleEnable":"btrue","version":"s20.1"},"ts":1588044474512}