{"options":{"awareOfChrome":false,"check_for_updates":true,"comment":null,"compat_arrayleft":false,"compat_foreach":false,"compat_forvarin":false,"compat_metadata":false,"compat_uW_gmonkey":false,"compat_wrappedjsobject":false,"compatopts_for_requires":true,"noframes":null,"override":{"merge_connects":true,"merge_excludes":true,"merge_includes":true,"merge_matches":true,"orig_connects":[],"orig_excludes":[],"orig_includes":[],"orig_matches":["*://www.bilibili.com/video/av*","*://www.bilibili.com/video/bv*","*://www.bilibili.com/video/BV*","*://bangumi.bilibili.com/anime/*/play*","*://www.bilibili.com/bangumi/play/ep*","*://www.bilibili.com/bangumi/play/ss*","*://www.bilibili.com/bangumi/media/md*","*://www.biligame.com/detail/*","*://vc.bilibili.com/video/*","*://www.bilibili.com/watchlater/"],"orig_noframes":null,"orig_run_at":"document-start","use_blockers":[],"use_connects":[],"use_excludes":[],"use_includes":[],"use_matches":[]},"run_at":null},"settings":{"enabled":true,"position":13},"meta":{"name":"bilibili merged flv+mp4+ass+enhance","uuid":"a68418b2-d4b5-4be6-b5d4-24a1196935f6","modified":1589002394545,"file_url":"https://greasyfork.org/scripts/372516-bilibili-merged-flv-mp4-ass-enhance/code/bilibili%20merged%20flv+mp4+ass+enhance.user.js"}}