{"options":{"awareOfChrome":false,"check_for_updates":true,"comment":null,"compat_arrayleft":false,"compat_foreach":false,"compat_forvarin":false,"compat_metadata":false,"compat_uW_gmonkey":false,"compat_wrappedjsobject":false,"compatopts_for_requires":true,"noframes":null,"override":{"merge_connects":true,"merge_excludes":true,"merge_includes":true,"merge_matches":true,"orig_connects":[],"orig_excludes":[],"orig_includes":["http://www.zhihu.com/*","https://www.zhihu.com/*"],"orig_matches":["http://www.zhihu.com/*","https://www.zhihu.com/*"],"orig_noframes":null,"orig_run_at":"document-idle","use_blockers":[],"use_connects":[],"use_excludes":[],"use_includes":[],"use_matches":[]},"run_at":null},"settings":{"enabled":true,"position":6},"meta":{"name":"iZhihu","uuid":"0ca49626-d7a8-486a-872a-ea67fe54105b","modified":1536673031506,"file_url":"https://greasyfork.org/scripts/350-izhihu/code/iZhihu.user.js"}}