{"options":{"awareOfChrome":false,"check_for_updates":true,"comment":null,"compat_arrayleft":false,"compat_foreach":false,"compat_forvarin":false,"compat_metadata":false,"compat_uW_gmonkey":false,"compat_wrappedjsobject":false,"compatopts_for_requires":true,"noframes":null,"override":{"merge_connects":true,"merge_excludes":true,"merge_includes":true,"merge_matches":true,"orig_excludes":[],"orig_includes":[],"orig_matches":["https://pan.baidu.com/s/1eSf8msE#list/path=%2F%E8%8B%B9%E6%9E%9C%2FMac%20%E7%B3%BB%E7%BB%9F%2FMAC%E5%8E%9F%E7%89%88%E7%B3%BB%E7%BB%9F%2Fmac%20os%20sierra%2010.12.6&parentPath=%2F%E8%8B%B9%E6%9E%9C%2FMac%20%E7%B3%BB%E7%BB%9F%2FMAC%E5%8E%9F%E7%89%88%E7%B3%BB%E7%BB%9F"],"orig_noframes":null,"orig_run_at":"document-idle","use_blockers":[],"use_connects":[],"use_excludes":[],"use_includes":[],"use_matches":[]},"run_at":null},"settings":{"enabled":false,"position":1},"meta":{"name":"New Userscript","uuid":"d454efef-987c-4210-8200-2239870ef036","modified":1505352260483}}