{"options":{"awareOfChrome":false,"check_for_updates":true,"comment":null,"compat_arrayleft":false,"compat_foreach":false,"compat_forvarin":false,"compat_metadata":false,"compat_uW_gmonkey":false,"compat_wrappedjsobject":false,"compatopts_for_requires":true,"noframes":null,"override":{"merge_connects":true,"merge_excludes":true,"merge_includes":true,"merge_matches":true,"orig_connects":["open.lesiclub.cn"],"orig_excludes":[],"orig_includes":["*//www.iqiyi.com/v_*","*//www.iqiyi.com/w_*","*//v.youku.com/v_show/*","*//*.le.com/ptv/vplay/*","*//v.qq.com/x/page/*","*//v.qq.com/x/cover/*","*//video.tudou.com/v/*","*//*.mgtv.com/b/*","*//tv.sohu.com/v/*","*//film.sohu.com/album/*","*//*.bilibili.com/bangumi/play/*","*//*.pptv.com/show/*","*//v.yinyuetai.com/video/*","*//*.wasu.cn/Play/show/*","*//vip.1905.com/play/*","*//51lol.feixiong.tv/*","*//www.lolfun.cn/*","*//www.lolshipin.com/*","*//lol.qq.com/v/detail*","*//lol.qq.com/v/v2/detail*","*//item.taobao.com/item.htm*","*//detail.tmall.com/item.htm*","*//s.taobao.com/search*","*//cart.taobao.com/*","*//uland.taobao.com/coupon/*"],"orig_matches":[],"orig_noframes":null,"orig_run_at":"document-start","use_blockers":[],"use_connects":[],"use_excludes":[],"use_includes":[],"use_matches":[]},"run_at":null},"settings":{"enabled":true,"position":4},"meta":{"name":"TU-破解视频VIP集合-去广告-音乐直接解析播放-VIP视频解析，接口每日更新，一键免广告免费观看各大视频网站","uuid":"cc1e0a34-230b-4d28-a076-24bf9c61ec1c","modified":1587267405186,"file_url":"https://greasyfork.org/scripts/371262-tu-%E7%A0%B4%E8%A7%A3%E8%A7%86%E9%A2%91vip%E9%9B%86%E5%90%88/code/TU-%E7%A0%B4%E8%A7%A3%E8%A7%86%E9%A2%91VIP%E9%9B%86%E5%90%88.user.js"}}