{"options":{"awareOfChrome":false,"check_for_updates":true,"comment":null,"compat_arrayleft":false,"compat_foreach":false,"compat_forvarin":false,"compat_metadata":false,"compat_uW_gmonkey":false,"compat_wrappedjsobject":false,"compatopts_for_requires":true,"noframes":null,"override":{"merge_connects":true,"merge_excludes":true,"merge_includes":true,"merge_matches":true,"orig_excludes":[],"orig_includes":["*://*.zhihu.com/*"],"orig_matches":["*://*.zhihu.com/*"],"orig_noframes":null,"orig_run_at":"document-body","use_blockers":[],"use_connects":[],"use_excludes":[],"use_includes":[],"use_matches":[]},"run_at":null},"settings":{"enabled":true,"position":5},"meta":{"name":"Zhihu Bypass Login","uuid":"be5cdbee-811b-4100-a4f0-bd31c120ffd5","modified":1536672971331,"file_url":"https://greasyfork.org/scripts/26533-zhihu-bypass-login/code/Zhihu%20Bypass%20Login.user.js"}}