{"options":{"awareOfChrome":false,"check_for_updates":true,"comment":null,"compat_arrayleft":false,"compat_foreach":false,"compat_forvarin":false,"compat_metadata":false,"compat_uW_gmonkey":false,"compat_wrappedjsobject":false,"compatopts_for_requires":true,"noframes":null,"override":{"merge_connects":true,"merge_excludes":true,"merge_includes":true,"merge_matches":true,"orig_connects":[],"orig_excludes":[],"orig_includes":["*.zhihu.com/*"],"orig_matches":[],"orig_noframes":null,"orig_run_at":"document-start","use_blockers":[],"use_connects":[],"use_excludes":[],"use_includes":[],"use_matches":[]},"run_at":null},"settings":{"enabled":true,"position":11},"meta":{"name":"Zhihu Link Redirect Fix","uuid":"2f959ae6-8743-40e0-b8cf-a57a5343d02a","modified":1587265891753,"file_url":"https://greasyfork.org/scripts/20431-zhihu-link-redirect-fix/code/Zhihu%20Link%20Redirect%20Fix.user.js"}}