{"options":{"check_for_updates":true,"comment":null,"compatopts_for_requires":true,"compat_wrappedjsobject":false,"compat_metadata":false,"compat_foreach":false,"compat_arrayleft":false,"compat_uW_gmonkey":false,"compat_forvarin":false,"noframes":null,"awareOfChrome":false,"run_at":null,"override":{"merge_connects":true,"merge_excludes":true,"merge_includes":true,"merge_matches":true,"orig_connects":[],"orig_excludes":[],"orig_includes":["*://www.bilibili.com/video/av*","*://www.bilibili.com/video/BV*","*://www.bilibili.com/bangumi/play/ep*","*://www.bilibili.com/bangumi/play/ss*","*://m.bilibili.com/bangumi/play/ep*","*://m.bilibili.com/bangumi/play/ss*","*://bangumi.bilibili.com/anime/*","*://bangumi.bilibili.com/movie/*","*://www.bilibili.com/bangumi/media/md*","*://www.bilibili.com/blackboard/html5player.html*","https://www.mcbbs.net/template/mcbbs/image/special_photo_bg.png*"],"orig_matches":[],"orig_noframes":null,"orig_run_at":"document-start","use_blockers":[],"use_connects":[],"use_excludes":[],"use_includes":[],"use_matches":[]}},"settings":{"enabled":true,"position":9},"meta":{"name":"解除B站区域限制","uuid":"3d77a938-7575-4e49-a83b-6754ac0759e3","modified":1592102868419,"file_url":"https://greasyfork.org/scripts/25718-%E8%A7%A3%E9%99%A4b%E7%AB%99%E5%8C%BA%E5%9F%9F%E9%99%90%E5%88%B6/code/%E8%A7%A3%E9%99%A4B%E7%AB%99%E5%8C%BA%E5%9F%9F%E9%99%90%E5%88%B6.user.js"}}